squad_name;n_players;pct_estimated;squad_id;season_str;weekly_wages_eur;weekly_wages_gbp;weekly_wages_usd;annual_wages_eur;annual_wages_gbp;annual_wages_usd
Manchester Utd;35;100%;19538871;2017-2018;3810955;3195596;3883356;198169670;166171000;201934520
Arsenal;45;100%;18bb7c10;2017-2018;3629433;3043385;3698385;188730521;158256000;192316043
Manchester City;32;100%;b8fd03ef;2017-2018;3474446;2913423;3540453;180671167;151498000;184103578
Chelsea;45;100%;cff3d9bb;2017-2018;2790189;2339654;2843197;145089806;121662000;147846240
Liverpool;34;100%;822bd0ba;2017-2018;2194158;1839865;2235843;114096241;95673000;116263857
Everton;48;100%;d3fd31cc;2017-2018;1959476;1643077;1996702;101892731;85440000;103828499
Tottenham;34;100%;361ca564;2017-2018;1841549;1544192;1876535;95760561;80298000;97579832
West Ham;41;100%;7c21e445;2017-2018;1594665;1337173;1624961;82922601;69533000;84497976
Southampton;29;100%;33c895d4;2017-2018;1561182;1309096;1590841;81181461;68073000;82723752
Crystal Palace;41;100%;47c64c55;2017-2018;1560448;1308481;1590094;81143294;68041000;82684869
Leicester City;34;100%;a2d435b3;2017-2018;1470226;1232827;1498157;76451744;64107000;77904185
West Brom;33;100%;60c6b05f;2017-2018;1354341;1135654;1380071;70425716;59054000;71763674
Stoke City;35;100%;17892952;2017-2018;1124956;943308;1146328;58497686;49052000;59609032
Swansea City;36;100%;fb10988f;2017-2018;1095623;918712;1116438;56972393;47773000;58054764
Watford;37;100%;2abfe087;2017-2018;1065878;893769;1086127;55425638;46476000;56478625
Bournemouth;35;100%;4ba7cbea;2017-2018;987558;828096;1006320;51353032;43061000;52328645
Newcastle Utd;37;100%;b2b47a98;2017-2018;968248;811904;986643;50348890;42219000;51305427
Brighton;39;100%;d07537b9;2017-2018;915271;767481;932659;47594066;39909000;48498265
Burnley;30;100%;943e8050;2017-2018;746660;626096;760845;38826329;32557000;39563962
Huddersfield;35;100%;f5922ca5;2017-2018;587269;492442;598426;30538003;25607000;31118172
Chelsea;102;100%;cff3d9bb;2018-2019;3612255;3028981;3680882;187837283;157507000;191405844
Manchester Utd;86;100%;19538871;2018-2019;3470478;2910096;3536411;180464856;151325000;183893347
Manchester City;96;100%;b8fd03ef;2018-2019;3454103;2896365;3519725;179613362;150611000;183025676
Arsenal;91;100%;18bb7c10;2018-2019;3104338;2603077;3163314;161425557;135360000;164492342
Liverpool;88;100%;822bd0ba;2018-2019;2923160;2451154;2978694;152004295;127460000;154892092
Tottenham;83;100%;361ca564;2018-2019;2091713;1753962;2131451;108769056;91206000;110835465
Everton;90;100%;d3fd31cc;2018-2019;1965599;1648212;2002942;102211141;85707000;104152963
West Ham;90;100%;7c21e445;2018-2019;1898815;1592212;1934889;98738397;82795000;100614239
Leicester City;88;100%;a2d435b3;2018-2019;1832422;1536538;1867234;95285918;79900000;97096177
Crystal Palace;86;100%;47c64c55;2018-2019;1713188;1436558;1745735;89085775;74701000;90778244
Southampton;86;100%;33c895d4;2018-2019;1663043;1394510;1694638;86478237;72514500;88121158
Bournemouth;79;100%;4ba7cbea;2018-2019;1208389;1013269;1231346;62836237;52690000;64030011
Fulham;82;100%;fd962109;2018-2019;1167773;979212;1189959;60724203;50919000;61877851
Newcastle Utd;87;100%;b2b47a98;2018-2019;1143142;958558;1164860;59443389;49845000;60572706
Watford;93;100%;2abfe087;2018-2019;1132891;949962;1154414;58910310;49398000;60029502
Burnley;83;100%;943e8050;2018-2019;1015125;851212;1034410;52786491;44263000;53789342
Brighton;86;100%;d07537b9;2018-2019;982054;823481;1000711;51066812;42821000;52036991
Wolves;85;100%;8cec06e1;2018-2019;852844;715135;869047;44347902;37187000;45190433
Huddersfield;86;100%;f5922ca5;2018-2019;805325;675288;820625;41876908;35115000;42672499
Cardiff City;92;100%;75fae011;2018-2019;756591;634423;770964;39342710;32990000;40090150
Manchester Utd;78;33%;19538871;2019-2020;3794190;3181538;3866273;197297905;165440000;201046193
Manchester City;71;31%;b8fd03ef;2019-2020;3416927;2865192;3481842;177680216;148990000;181055805
Chelsea;79;35%;cff3d9bb;2019-2020;2744046;2300962;2796177;142690368;119650000;145401216
Arsenal;78;32%;18bb7c10;2019-2020;2718589;2279615;2770237;141366618;118540000;144052322
Liverpool;70;31%;822bd0ba;2019-2020;2634421;2209038;2684470;136989906;114870000;139592457
Tottenham;76;34%;361ca564;2019-2020;2467233;2068846;2514106;128296109;107580000;130733496
Everton;76;37%;d3fd31cc;2019-2020;2016581;1690962;2054892;104862213;87930000;106854401
West Ham;74;32%;7c21e445;2019-2020;1708716;1432808;1741178;88853227;74506000;90541270
Crystal Palace;69;39%;47c64c55;2019-2020;1703762;1428654;1736131;88595632;74290000;90278786
Leicester City;80;36%;a2d435b3;2019-2020;1686332;1414038;1718370;87689280;73530000;89355214
Newcastle Utd;88;35%;b2b47a98;2019-2020;1543683;1294423;1573010;80271532;67310000;81796543
Watford;91;35%;2abfe087;2019-2020;1322600;1109038;1347727;68775206;57670000;70081807
Wolves;77;40%;8cec06e1;2019-2020;1241414;1040962;1264999;64553524;54130000;65779923
Southampton;64;34%;33c895d4;2019-2020;1227883;1029615;1251210;63849914;53540000;65062944
Aston Villa;79;34%;8602292d;2019-2020;1173071;983654;1195357;60999684;51150000;62158568
Brighton;81;36%;d07537b9;2019-2020;1117341;936923;1138569;58101751;48720000;59205581
Burnley;73;33%;943e8050;2019-2020;1019872;855192;1039248;53033354;44470000;54040892
Bournemouth;83;32%;4ba7cbea;2019-2020;971252;814423;989704;50505114;42350000;51464621
Norwich City;71;41%;1c781004;2019-2020;600640;503654;612051;31233268;26190000;31826646
Sheffield Utd;83;54%;1df6b87e;2019-2020;554543;465000;565078;28836215;24180000;29384049
Manchester Utd;86;3%;19538871;2020-2021;4435653;3719423;4519922;230653939;193410000;235035931
Chelsea;82;2%;cff3d9bb;2020-2021;3389911;2842538;3454313;176275358;147811988;179624258
Arsenal;87;1%;18bb7c10;2020-2021;3381609;2835577;3445853;175843663;147450000;179184367
Manchester City;76;1%;b8fd03ef;2020-2021;3157499;2647654;3217485;164189924;137678000;167309223
Tottenham;82;4%;361ca564;2020-2021;3084064;2586077;3142655;160371329;134476000;163418084
Liverpool;84;5%;822bd0ba;2020-2021;3002511;2517692;3059553;156130569;130920000;159096757
Everton;87;1%;d3fd31cc;2020-2021;2111596;1770635;2151713;109803009;92073000;111889062
Crystal Palace;87;2%;47c64c55;2020-2021;2035043;1706442;2073705;105822228;88735000;107832658
Leicester City;78;0%;a2d435b3;2020-2021;1777976;1490885;1811755;92454770;77526000;94211238
West Ham;69;3%;7c21e445;2020-2021;1524556;1278385;1553520;79276933;66476000;80783044
Aston Villa;79;0%;8602292d;2020-2021;1424496;1194481;1451559;74073800;62113024;75481066
Newcastle Utd;94;3%;b2b47a98;2020-2021;1319756;1106654;1344829;68627328;57546000;69931123
Southampton;76;3%;33c895d4;2020-2021;1311454;1099692;1336369;68195619;57184000;69491210
Fulham;89;8%;fd962109;2020-2021;1196437;1003247;1219167;62214699;52168824;63396662
Brighton;87;2%;d07537b9;2020-2021;1182907;991902;1205380;61511176;51578900;62679778
Wolves;70;9%;8cec06e1;2020-2021;1181414;990650;1203859;61433538;51513800;62600661
West Brom;87;21%;60c6b05f;2020-2021;850578;713235;866738;44230079;37088200;45070367
Burnley;74;3%;943e8050;2020-2021;842845;706750;858858;43827947;36751000;44660597
Leeds United;85;1%;5bfb9659;2020-2021;554689;465123;565227;28843845;24186400;29391828
Sheffield Utd;86;13%;1df6b87e;2020-2021;460679;386292;469431;23955287;20087200;24410390
Manchester Utd;82;5%;19538871;2021-2022;5477771;4593269;5581838;284844078;238850000;290255583
Chelsea;81;2%;cff3d9bb;2021-2022;4033850;3382500;4110486;209760207;175890000;213745254
Manchester City;67;8%;b8fd03ef;2021-2022;3475684;2914462;3541715;180735566;151552000;184169203
Liverpool;83;6%;822bd0ba;2021-2022;3311936;2777154;3374856;172220653;144412000;175492521
Arsenal;70;6%;18bb7c10;2021-2022;2622954;2199423;2672786;136393624;114370000;138984848
Tottenham;67;10%;361ca564;2021-2022;2527090;2119038;2575100;131408702;110190000;133905224
Everton;86;22%;d3fd31cc;2021-2022;2125930;1782654;2166319;110548361;92698000;112648575
West Ham;74;4%;7c21e445;2021-2022;1709863;1433769;1742347;88912857;74556000;90602030
Leicester City;82;23%;a2d435b3;2021-2022;1705597;1430192;1738000;88691036;74370000;90376000
Crystal Palace;78;31%;47c64c55;2021-2022;1673031;1402885;1704815;86997594;72950000;88650389
Aston Villa;66;12%;8602292d;2021-2022;1639547;1374808;1670695;85256450;71490000;86876165
Newcastle Utd;80;8%;b2b47a98;2021-2022;1572580;1318654;1602456;81774162;68570000;83327721
Wolves;76;29%;8cec06e1;2021-2022;1313427;1101346;1338379;68298179;57270000;69595717
Southampton;81;26%;33c895d4;2021-2022;1205866;1011154;1228776;62705051;52580000;63896331
Brighton;76;24%;d07537b9;2021-2022;1065740;893654;1085987;55418481;46470000;56471332
Watford;88;36%;2abfe087;2021-2022;949006;795769;967036;49348326;41380000;50285851
Burnley;72;22%;943e8050;2021-2022;906349;760000;923568;47130158;39520000;48025544
Norwich City;82;28%;1c781004;2021-2022;718291;602308;731937;37351130;31320000;38060731
Leeds United;70;27%;5bfb9659;2021-2022;546057;457885;556431;28394966;23810000;28934417
Brentford;90;36%;cd051869;2021-2022;484594;406346;493801;25198890;21130000;25677627
Manchester Utd;31;17%;19538871;2022-2023;4763994;4288154;4582705;247727685;222984000;238300637
Chelsea;25;12%;cff3d9bb;2022-2023;3626023;3263846;3488038;188553184;169720000;181377961
Manchester City;23;13%;b8fd03ef;2022-2023;3483734;3135769;3351163;181154149;163060000;174260493
Liverpool;28;26%;822bd0ba;2022-2023;3029135;2726577;2913864;157515011;141782000;151520922
Tottenham;25;25%;361ca564;2022-2023;2165188;1948923;2082793;112589759;101344000;108305258
Arsenal;23;9%;18bb7c10;2022-2023;1826471;1644038;1756966;94976501;85490000;91362256
Leicester City;26;27%;a2d435b3;2022-2023;1683114;1515000;1619064;87521915;78780000;84191350
Aston Villa;27;19%;8602292d;2022-2023;1607312;1446769;1546147;83580211;75232000;80399642
West Ham;24;21%;7c21e445;2022-2023;1498950;1349231;1441909;77945389;70160000;74979247
Newcastle Utd;28;18%;b2b47a98;2022-2023;1337646;1204038;1286743;69557591;62610000;66910644
Crystal Palace;24;50%;47c64c55;2022-2023;1264365;1138077;1216251;65746978;59180000;63245038
Everton;27;44%;d3fd31cc;2022-2023;921247;829231;886190;47904863;43120000;46081886
Wolves;25;58%;8cec06e1;2022-2023;818483;736731;787336;42561115;38310000;40941491
Fulham;24;39%;fd962109;2022-2023;803528;723269;772950;41783439;37610000;40193407
Southampton;24;52%;33c895d4;2022-2023;755884;680385;727120;39305984;35380000;37810231
Bournemouth;27;52%;4ba7cbea;2022-2023;684612;616231;658559;35599799;32044000;34245084
Nott'ham Forest;32;69%;e4a775cb;2022-2023;610818;549808;587574;31762523;28590000;30553832
Brighton;23;61%;d07537b9;2022-2023;605477;545000;582436;31484780;28340000;30286656
Leeds United;27;73%;5bfb9659;2022-2023;369610;332692;355545;19219716;17300000;18488329
Brentford;24;67%;cd051869;2022-2023;325599;293077;313208;16931126;15240000;16286825
Barcelona;33;100%;206d90db;2017-2018;4682115;3925993;4771599;243470000;204151634;248123125
Real Madrid;32;100%;53a2f082;2017-2018;3949904;3312027;4025393;205395000;172225426;209320446
Atlético Madrid;36;100%;db3b9613;2017-2018;1895154;1589102;1931373;98548000;82633324;100431417
Sevilla;33;100%;ad2be733;2017-2018;1318865;1105880;1344071;68581000;57505743;69891700
Valencia;30;100%;dcc91a7b;2017-2018;1168827;980071;1191165;60779000;50963701;61940590
Celta Vigo;65;100%;f25da7fb;2017-2018;809442;678724;824912;42091000;35293656;42895429
Real Sociedad;30;100%;e31d1cd9;2017-2018;798365;669436;813623;41515000;34810672;42308420
Athletic Club;33;100%;2b390eca;2017-2018;760712;637863;775250;39557000;33168876;40313004
Villarreal;40;100%;2a8183b3;2017-2018;626654;525455;638630;32586000;27323636;33208772
Espanyol;29;100%;a8661628;2017-2018;595058;498961;606430;30943000;25945961;31534373
Levante;37;100%;9800b6a1;2017-2018;588731;493656;599982;30614000;25670098;31199086
Málaga;40;100%;1c896955;2017-2018;480231;402678;489409;24972000;20939231;25449261
Betis;31;100%;fc536746;2017-2018;477904;400726;487037;24851000;20837775;25325944
La Coruña;36;100%;2a60ed82;2017-2018;404981;339580;412721;21059000;17658147;21461472
Las Palmas;38;100%;0049d422;2017-2018;378923;317730;386165;19704000;16521970;20080579
Eibar;33;100%;bea5c710;2017-2018;348038;291833;354690;18098000;15175325;18443882
Alavés;33;100%;8d6fd021;2017-2018;301769;253036;307537;15692000;13157875;15991901
Getafe;36;100%;7848bd64;2017-2018;270423;226752;275591;14062000;11791104;14330747
Girona;30;100%;9024a00a;2017-2018;260654;218560;265635;13554000;11365144;13813041
Barcelona;92;100%;206d90db;2018-2019;5152596;4320495;5251071;267935000;224665737;273055692
Real Madrid;91;100%;53a2f082;2018-2019;4466808;3745456;4552176;232274000;194763689;236713149
Atlético Madrid;88;100%;db3b9613;2018-2019;3896462;3267216;3970930;202616000;169895214;206488336
Sevilla;86;100%;ad2be733;2018-2019;1487212;1247039;1515635;77335000;64846044;78813005
Valencia;80;100%;dcc91a7b;2018-2019;1454231;1219385;1482024;75620000;63408003;77065227
Celta Vigo;124;100%;f25da7fb;2018-2019;1340096;1123682;1365708;69685000;58431460;71016799
Athletic Club;86;100%;2b390eca;2018-2019;1089365;913442;1110185;56647000;47498983;57729620
Villarreal;87;100%;2a8183b3;2018-2019;945865;793116;963942;49185000;41242031;50125007
Real Sociedad;81;100%;e31d1cd9;2018-2019;732712;614385;746715;38101000;31948008;38829174
Betis;81;100%;fc536746;2018-2019;711269;596405;724863;36986000;31013070;37692866
Levante;86;100%;9800b6a1;2018-2019;696885;584344;710203;36238000;30385866;36930572
Espanyol;81;100%;a8661628;2018-2019;612442;513538;624147;31847000;26703976;32455650
Alavés;76;100%;8d6fd021;2018-2019;434904;364671;443216;22615000;18962866;23047212
Rayo Vallecano;84;100%;98e8af82;2018-2019;399712;335161;407351;20785000;17428396;21182237
Eibar;79;100%;bea5c710;2018-2019;386212;323842;393593;20083000;16839763;20466820
Getafe;78;100%;7848bd64;2018-2019;368750;309200;375797;19175000;16078399;19541468
Girona;79;100%;9024a00a;2018-2019;357385;299670;364215;18584000;15582841;18939174
Valladolid;86;100%;17859612;2018-2019;316346;265259;322392;16450000;13793462;16764389
Huesca;88;100%;c6c493e6;2018-2019;296865;248924;302539;15437000;12944051;15732028
Real Madrid;79;46%;53a2f082;2019-2020;6850000;5743782;6980915;356200000;298676682;363007586
Barcelona;69;41%;206d90db;2019-2020;6631731;5560762;6758474;344850000;289159607;351440667
Atlético Madrid;68;56%;db3b9613;2019-2020;3182692;2668714;3243519;165500000;138773134;168662987
Valencia;74;73%;dcc91a7b;2019-2020;1448846;1214870;1476536;75340000;63173220;76779876
Sevilla;74;76%;ad2be733;2019-2020;1259808;1056359;1283885;65510000;54930679;66762006
Villarreal;78;86%;2a8183b3;2019-2020;1142115;957673;1163943;59390000;49799012;60525042
Athletic Club;76;100%;2b390eca;2019-2020;929423;779329;947186;48330000;40525107;49253671
Real Sociedad;73;100%;e31d1cd9;2019-2020;751731;630333;766098;39090000;32777291;39837075
Celta Vigo;75;96%;f25da7fb;2019-2020;721731;605177;735524;37530000;31469218;38247261
Betis;73;100%;fc536746;2019-2020;696538;584053;709850;36220000;30370776;36912224
Leganés;77;99%;7c6f2c78;2019-2020;679231;569541;692212;35320000;29616119;35995024
Espanyol;81;100%;a8661628;2019-2020;644615;540515;656935;33520000;28106802;34160623
Getafe;79;100%;7848bd64;2019-2020;508846;426672;518571;26460000;22186931;26965696
Alavés;82;100%;8d6fd021;2019-2020;468558;392890;477513;24365000;20430254;24830655
Granada;70;100%;a0435291;2019-2020;421731;353625;429791;21930000;18388487;22349118
Levante;71;100%;9800b6a1;2019-2020;360577;302347;367468;18750000;15722030;19108346
Eibar;70;100%;bea5c710;2019-2020;355385;297993;362177;18480000;15495639;18833186
Valladolid;78;100%;17859612;2019-2020;290192;243329;295738;15090000;12653093;15378396
Osasuna;79;100%;03c57e2b;2019-2020;272692;228655;277904;14180000;11890050;14451004
Mallorca;82;100%;2aa12281;2019-2020;240769;201887;245371;12520000;10498125;12759279
Barcelona;83;22%;206d90db;2020-2021;6766923;5674122;6896250;351880000;295054323;358605024
Real Madrid;70;0%;53a2f082;2020-2021;6044038;5067977;6159550;314290000;263534797;320296616
Atlético Madrid;68;37%;db3b9613;2020-2021;3276731;2747566;3339355;170390000;142873440;173646443
Villarreal;78;56%;2a8183b3;2020-2021;1857115;1557207;1892608;96570000;80974753;98415618
Sevilla;78;67%;ad2be733;2020-2021;1797885;1507541;1832245;93490000;78392148;95276751
Valencia;78;67%;dcc91a7b;2020-2021;1449808;1215676;1477516;75390000;63215147;76830834
Athletic Club;80;96%;2b390eca;2020-2021;1394615;1169397;1421269;72520000;60808628;73905978
Real Sociedad;81;96%;e31d1cd9;2020-2021;981538;823028;1000297;51040000;42797468;52015463
Celta Vigo;72;96%;f25da7fb;2020-2021;815000;683384;830576;42380000;35535983;43189954
Betis;81;100%;fc536746;2020-2021;760385;637589;774917;39540000;33154621;40295678
Granada;80;98%;a0435291;2020-2021;520385;436347;530330;27060000;22690035;27577161
Getafe;71;100%;7848bd64;2020-2021;495962;415868;505440;25790000;21625130;26282889
Osasuna;77;100%;03c57e2b;2020-2021;483462;405387;492701;25140000;21080100;25620469
Alavés;77;97%;8d6fd021;2020-2021;450192;377490;458796;23410000;19629481;23857405
Valladolid;79;96%;17859612;2020-2021;446731;374588;455269;23230000;19478551;23673967
Cádiz;85;100%;ee7c297c;2020-2021;373269;312989;380403;19410000;16275446;19780961
Levante;72;100%;9800b6a1;2020-2021;358654;300734;365508;18650000;15638183;19006435
Eibar;74;100%;bea5c710;2020-2021;358462;300573;365312;18640000;15629794;18996243
Huesca;81;98%;c6c493e6;2020-2021;330962;277514;337287;17210000;14430730;17538912
Elche;72;97%;6c8b07df;2020-2021;259712;217770;264675;13505000;11324057;13763102
Real Madrid;77;10%;53a2f082;2021-2022;6203654;5201816;6322216;322590000;270494419;328755245
Barcelona;91;32%;206d90db;2021-2022;4860481;4075554;4953373;252745000;211928796;257575384
Atlético Madrid;70;33%;db3b9613;2021-2022;3217885;2698223;3279384;167330000;140307605;170527961
Villarreal;78;19%;2a8183b3;2021-2022;2039615;1710235;2078596;106060000;88932198;108086988
Sevilla;82;73%;ad2be733;2021-2022;1908462;1600261;1944935;99240000;83213571;101136644
Valencia;80;71%;dcc91a7b;2021-2022;1323462;1109734;1348755;68820000;57706147;70135269
Athletic Club;78;96%;2b390eca;2021-2022;1232692;1033623;1256251;64100000;53748389;65325058
Real Sociedad;80;96%;e31d1cd9;2021-2022;970192;813514;988734;50450000;42302748;51414186
Betis;83;96%;fc536746;2021-2022;922500;773524;940131;47970000;40223247;48886789
Celta Vigo;64;86%;f25da7fb;2021-2022;738077;618884;752183;38380000;32181951;39113509
Getafe;81;95%;7848bd64;2021-2022;730865;612837;744833;38005000;31867512;38731337
Espanyol;78;100%;a8661628;2021-2022;568462;476660;579326;29560000;24786307;30124941
Granada;84;100%;a0435291;2021-2022;498846;418287;508380;25940000;21750907;26435758
Alavés;72;89%;8d6fd021;2021-2022;455288;381763;463990;23675000;19851686;24127471
Mallorca;83;98%;2aa12281;2021-2022;411346;344917;419208;21390000;17935696;21798801
Cádiz;89;97%;ee7c297c;2021-2022;383654;321697;390986;19950000;16728242;20331279
Levante;83;100%;9800b6a1;2021-2022;375865;315166;383049;19545000;16388647;19918540
Elche;73;93%;6c8b07df;2021-2022;371442;311458;378541;19315000;16195792;19684141
Osasuna;78;100%;03c57e2b;2021-2022;325000;272515;331211;16900000;14170790;17222987
Rayo Vallecano;76;96%;98e8af82;2021-2022;204519;171491;208428;10635000;8917536;10838253
Barcelona;26;20%;206d90db;2022-2023;6102692;5492146;5872258;317340000;285591609;305357425
Real Madrid;23;4%;53a2f082;2022-2023;5348654;4813546;5146692;278130000;250304387;267627972
Atlético Madrid;22;32%;db3b9613;2022-2023;3045385;2740708;2930393;158360000;142516819;152380418
Sevilla;25;67%;ad2be733;2022-2023;1658077;1492194;1595469;86220000;77594091;82964384
Villarreal;24;38%;2a8183b3;2022-2023;1565192;1408602;1506092;81390000;73247310;78316758
Athletic Club;26;88%;2b390eca;2022-2023;1215962;1094310;1170048;63230000;56904133;60842473
Betis;26;96%;fc536746;2022-2023;828750;745837;797457;43095000;38783546;41467759
Valencia;24;78%;dcc91a7b;2022-2023;817308;735540;786447;42500000;38248073;40895224
Real Sociedad;26;96%;e31d1cd9;2022-2023;601731;541530;579010;31290000;28159580;30108507
Celta Vigo;21;90%;f25da7fb;2022-2023;519038;467111;499440;26990000;24289776;25970874
Getafe;24;96%;7848bd64;2022-2023;408654;367770;393223;21250000;19124038;20447611
Espanyol;22;100%;a8661628;2022-2023;303654;273275;292188;15790000;14210283;15193777
Valladolid;24;96%;17859612;2022-2023;246250;221614;236952;12805000;11523920;12321491
Osasuna;24;100%;03c57e2b;2022-2023;240096;216076;231030;12485000;11235934;12013574
Elche;25;91%;6c8b07df;2022-2023;235096;211576;226219;12225000;11001946;11763391
Cádiz;27;100%;ee7c297c;2022-2023;231058;207941;222333;12015000;10812953;11561319
Mallorca;25;92%;2aa12281;2022-2023;197596;177828;190135;10275000;9247036;9887020
Rayo Vallecano;26;96%;98e8af82;2022-2023;184615;166145;177644;9600000;8639565;9237506
Almería;29;100%;78ecf4bb;2022-2023;159135;143214;153126;8275000;7447124;7962538
Girona;26;96%;9024a00a;2022-2023;103558;93197;99647;5385000;4846257;5181664
Paris S-G;35;100%;e2d8892c;2017-2018;3895462;3266377;3969910;202564000;169851608;206435344
Monaco;38;100%;fd6114db;2017-2018;1314423;1102155;1339544;68350000;57312046;69656287
Marseille;29;100%;5725cc7b;2017-2018;1005423;843056;1024638;52282000;43838893;53281198
Lyon;34;100%;d53c0b06;2017-2018;712942;597808;726568;37073000;31086023;37781525
Lille;32;100%;cb188c0c;2017-2018;520846;436734;530800;27084000;22710158;27601617
Nice;39;100%;132ebc33;2017-2018;419423;351690;427439;21810000;18287868;22226825
Saint-Étienne;40;100%;d298ef2c;2017-2018;393846;330243;401373;20480000;17172650;20871408
Bordeaux;37;100%;123f3efe;2017-2018;376981;316101;384185;19603000;16437274;19977645
Toulouse;28;100%;3f8c4b5f;2017-2018;360442;302234;367331;18743000;15716163;19101212
Nantes;36;100%;d7a486cd;2017-2018;284250;238346;289683;14781000;12393992;15063490
Rennes;35;100%;b3072e00;2017-2018;272212;228252;277414;14155000;11869086;14425526
Metz;44;100%;f83960ae;2017-2018;253885;212884;258737;13202000;11069988;13454314
Amiens;34;100%;25622401;2017-2018;237115;198823;241647;12330000;10338805;12565645
Montpellier;30;100%;281b0e73;2017-2018;230885;193599;235297;12006000;10067131;12235453
Dijon;35;100%;8dfb7350;2017-2018;211635;177457;215679;11005000;9227786;11215324
Strasbourg;31;100%;c0d3eab4;2017-2018;207769;174216;211740;10804000;9059242;11010479
Caen;33;100%;74229020;2017-2018;201135;168653;204979;10459000;8769954;10658893
Angers;33;100%;69236f98;2017-2018;194808;163348;198531;10130000;8494086;10323602
Guingamp;30;100%;d41b5f53;2017-2018;177154;148545;180540;9212000;7724338;9388060
Troyes;30;100%;54195385;2017-2018;132115;110780;134640;6870000;5760548;7001300
Paris S-G;94;100%;e2d8892c;2018-2019;3863346;3239448;3937181;200894000;168451304;204733422
Monaco;116;100%;fd6114db;2018-2019;1579635;1324537;1609824;82141000;68875918;83710853
Marseille;87;100%;5725cc7b;2018-2019;1448192;1214321;1475870;75306000;63144716;76745228
Lyon;90;100%;d53c0b06;2018-2019;925365;775927;943051;48119000;40348183;49038638
Nice;94;100%;132ebc33;2018-2019;578558;485125;589615;30085000;25226523;30659976
Lille;78;100%;cb188c0c;2018-2019;537673;450843;547949;27959000;23443859;28493341
Rennes;96;100%;b3072e00;2018-2019;513058;430203;522863;26679000;22370570;27188881
Saint-Étienne;91;100%;d298ef2c;2018-2019;444096;372378;452584;23093000;19363673;23534345
Bordeaux;91;100%;123f3efe;2018-2019;439538;368557;447939;22856000;19164951;23292819
Nantes;97;100%;d7a486cd;2018-2019;438635;367799;447018;22809000;19125542;23244917
Toulouse;95;100%;3f8c4b5f;2018-2019;354346;297122;361118;18426000;15450357;18778150
Guingamp;86;100%;d41b5f53;2018-2019;316096;265049;322137;16437000;13782565;16751140
Angers;90;100%;69236f98;2018-2019;299846;251424;305577;15592000;13074026;15889986
Strasbourg;88;100%;c0d3eab4;2018-2019;263135;220641;268164;13683000;11473310;13944506
Montpellier;80;100%;281b0e73;2018-2019;254442;213352;259305;13231000;11094305;13483867
Reims;92;100%;7fdd64e0;2018-2019;253577;212626;258423;13186000;11056572;13438006
Caen;91;100%;74229020;2018-2019;238923;200339;243489;12424000;10417631;12661444
Dijon;83;100%;8dfb7350;2018-2019;237885;199468;242431;12370000;10372351;12606411
Amiens;86;100%;25622401;2018-2019;217981;182779;222147;11335000;9504493;11551631
Nîmes;84;100%;1cbf5f9e;2018-2019;171269;143611;174542;8906000;7467755;9076207
Paris S-G;84;57%;e2d8892c;2019-2020;4640192;3890840;4728874;241290000;202323683;245901458
Monaco;93;88%;fd6114db;2019-2020;1524615;1278403;1553753;79280000;66476944;80795174
Lyon;84;93%;d53c0b06;2019-2020;1210385;1014918;1233517;62940000;52775716;64142890
Marseille;78;90%;5725cc7b;2019-2020;949038;795777;967176;49350000;41380386;50293161
Rennes;84;98%;b3072e00;2019-2020;679423;569702;692408;35330000;29624500;36005216
Lille;68;100%;cb188c0c;2019-2020;601923;504718;613427;31300000;26245312;31898198
Bordeaux;75;100%;123f3efe;2019-2020;562885;471983;573642;29270000;24543139;29829400
Saint-Étienne;87;97%;d298ef2c;2019-2020;508846;426672;518571;26460000;22186931;26965697
Nice;77;100%;132ebc33;2019-2020;473654;397163;482706;24630000;20652463;25100724
Toulouse;93;100%;3f8c4b5f;2019-2020;373077;312828;380207;19400000;16267060;19770767
Nantes;89;66%;d7a486cd;2019-2020;364615;305733;371584;18960000;15898119;19322358
Montpellier;83;96%;281b0e73;2019-2020;330962;277514;337287;17210000;14430727;17538909
Amiens;101;100%;25622401;2019-2020;266538;223495;271632;13860000;11621725;14124885
Angers;78;100%;69236f98;2019-2020;251346;210756;256150;13070000;10959305;13319789
Strasbourg;77;100%;c0d3eab4;2019-2020;250577;210111;255366;13030000;10925763;13279026
Reims;84;96%;7fdd64e0;2019-2020;235385;197372;239883;12240000;10263342;12473921
Metz;78;100%;f83960ae;2019-2020;211923;177699;215973;11020000;9240362;11230609
Dijon;75;100%;8dfb7350;2019-2020;200769;168347;204606;10440000;8754028;10639525
Nîmes;74;100%;1cbf5f9e;2019-2020;154038;129163;156982;8010000;6716451;8163087
Brest;79;100%;fb08dbb3;2019-2020;148846;124809;151691;7740000;6490055;7887921
Paris S-G;96;44%;e2d8892c;2020-2021;4664231;3910997;4753372;242540000;203371818;247175346
Monaco;89;85%;fd6114db;2020-2021;1152115;966058;1174134;59910000;50235035;61054978
Lyon;78;78%;d53c0b06;2020-2021;1065962;893818;1086334;55430000;46478516;56489360
Marseille;98;79%;5725cc7b;2020-2021;1021731;856730;1041258;53130000;44549946;54145401
Rennes;77;69%;b3072e00;2020-2021;556538;466662;567175;28940000;24266434;29493093
Lille;74;64%;cb188c0c;2020-2021;524615;439894;534642;27280000;22874507;27801367
Bordeaux;76;58%;123f3efe;2020-2021;472308;396034;481334;24560000;20593764;25029381
Nice;81;84%;132ebc33;2020-2021;449231;376684;457816;23360000;19587557;23806448
Saint-Étienne;85;88%;d298ef2c;2020-2021;384423;322342;391770;19990000;16761784;20372045
Nantes;80;29%;d7a486cd;2020-2021;361538;303153;368448;18800000;15763963;19159301
Montpellier;87;86%;281b0e73;2020-2021;304038;254939;309849;15810000;13256820;16112152
Angers;94;84%;69236f98;2020-2021;273846;229622;279080;14240000;11940359;14512148
Strasbourg;76;75%;c0d3eab4;2020-2021;269615;226075;274768;14020000;11755886;14287947
Dijon;83;85%;8dfb7350;2020-2021;205192;172055;209114;10670000;8946884;10873920
Brest;81;89%;fb08dbb3;2020-2021;192885;161735;196571;10030000;8410241;10221691
Metz;84;89%;f83960ae;2020-2021;183846;154157;187360;9560000;8016140;9742707
Reims;72;76%;7fdd64e0;2020-2021;183462;153834;186968;9540000;7999367;9722323
Lorient;85;96%;d2c87802;2020-2021;179423;150448;182852;9330000;7823284;9508312
Lens;83;96%;fd4e0f7d;2020-2021;163462;137064;166586;8500000;7127325;8662447
Nîmes;90;80%;1cbf5f9e;2020-2021;159615;133839;162666;8300000;6959619;8458630
Paris S-G;108;30%;e2d8892c;2021-2022;8321154;6977357;8480185;432700000;362822570;440969630
Lyon;88;69%;d53c0b06;2021-2022;1314423;1102155;1339544;68350000;57312045;69656285
Marseille;89;72%;5725cc7b;2021-2022;1071346;898333;1091821;55710000;46713299;56774712
Monaco;88;77%;fd6114db;2021-2022;1016154;852053;1035574;52840000;44306780;53849858
Nice;82;78%;132ebc33;2021-2022;559615;469242;570311;29100000;24400594;29656151
Lille;77;75%;cb188c0c;2021-2022;540385;453117;550712;28100000;23562083;28637040
Bordeaux;93;81%;123f3efe;2021-2022;532115;446183;542285;27670000;23201527;28198819
Rennes;83;81%;b3072e00;2021-2022;460000;385714;468791;23920000;20057119;24377150
Saint-Étienne;91;90%;d298ef2c;2021-2022;390962;327825;398434;20330000;17046876;20718543
Nantes;84;37%;d7a486cd;2021-2022;365192;306217;372172;18990000;15923278;19352931
Strasbourg;77;81%;c0d3eab4;2021-2022;265962;223011;271045;13830000;11596569;14094315
Montpellier;75;88%;281b0e73;2021-2022;236923;198662;241451;12320000;10330424;12555455
Angers;81;83%;69236f98;2021-2022;233654;195921;238119;12150000;10187876;12382204
Troyes;105;91%;54195385;2021-2022;206346;173023;210290;10730000;8997193;10935068
Reims;84;76%;7fdd64e0;2021-2022;204615;171572;208526;10640000;8921728;10843344
Brest;80;86%;fb08dbb3;2021-2022;201346;168830;205194;10470000;8779184;10670099
Metz;93;87%;f83960ae;2021-2022;197115;165283;200883;10250000;8594711;10445894
Lens;80;96%;fd4e0f7d;2021-2022;189423;158833;193043;9850000;8259307;10038249
Lorient;85;96%;d2c87802;2021-2022;173269;145288;176581;9010000;7554961;9182194
Clermont Foot;89;93%;d9676424;2021-2022;92692;77723;94464;4820000;4041608;4912120
Paris S-G;32;34%;e2d8892c;2022-2023;7439231;6694970;7158330;386840000;348138457;372233147
Marseille;28;58%;5725cc7b;2022-2023;994808;895282;957244;51730000;46554653;49776705
Monaco;28;72%;fd6114db;2022-2023;884615;796114;851213;46000000;41397917;44263068
Lyon;27;73%;d53c0b06;2022-2023;747308;672543;719090;38860000;34972236;37392668
Nice;27;79%;132ebc33;2022-2023;570192;513147;548662;29650000;26683656;28530433
Lille;25;82%;cb188c0c;2022-2023;337115;303389;324386;17530000;15776205;16868075
Rennes;28;76%;b3072e00;2022-2023;311923;280717;300145;16220000;14597266;15607541
Nantes;27;50%;d7a486cd;2022-2023;267885;241084;257769;13930000;12536367;13404013
Strasbourg;26;73%;c0d3eab4;2022-2023;224615;202144;216134;11680000;10511471;11238970
Reims;27;80%;7fdd64e0;2022-2023;174615;157146;168022;9080000;8171586;8737143
Montpellier;27;92%;281b0e73;2022-2023;169615;152646;163211;8820000;7937599;8486961
Angers;34;93%;69236f98;2022-2023;152692;137416;146927;7940000;7145641;7640191
Lens;25;100%;fd4e0f7d;2022-2023;140385;126340;135084;7300000;6569670;7024357
Brest;25;61%;fb08dbb3;2022-2023;125385;112840;120650;6520000;5867704;6273807
Toulouse;26;100%;3f8c4b5f;2022-2023;109423;98476;105291;5690000;5120743;5475148
Lorient;25;96%;d2c87802;2022-2023;103654;93284;99740;5390000;4850756;5186477
Troyes;28;68%;54195385;2022-2023;97115;87399;93448;5050000;4544770;4859314
Auxerre;33;96%;5ae09109;2022-2023;80192;72169;77164;4170000;3752810;4012543
Clermont Foot;26;100%;d9676424;2022-2023;47885;43094;46077;2490000;2240887;2395978
Ajaccio;31;100%;7a54bb4f;2022-2023;46154;41536;44411;2400000;2159891;2309378
Bayern Munich;38;100%;054efa67;2017-2018;3491942;2928023;3558679;181581000;152257190;185051324
Dortmund;33;100%;add600ae;2017-2018;1593981;1336566;1624444;82887000;69501446;84471113
Wolfsburg;33;100%;4eaa11d7;2017-2018;1119346;938581;1140739;58206000;48806218;59318416
Leverkusen;27;100%;c7a9f859;2017-2018;1093019;916506;1113909;56837000;47658301;57923248
M'Gladbach;35;100%;32f3ee20;2017-2018;859173;720424;875593;44677000;37462041;45530856
RB Leipzig;28;100%;acbb6a5b;2017-2018;815481;683787;831066;42405000;35556948;43215431
Schalke 04;29;100%;c539e393;2017-2018;801500;672064;816818;41678000;34947350;42474540
Hoffenheim;36;100%;033ea6b8;2017-2018;746250;625737;760512;38805000;32538318;39546630
Hamburger SV;34;100%;26790c6a;2017-2018;658231;551932;670811;34228000;28700464;34882158
Stuttgart;34;100%;598bc722;2017-2018;562923;472016;573682;29272000;24544814;29831438
Köln;38;100%;bc357bf7;2017-2018;562635;471774;573387;29257000;24532242;29816147
Werder Bremen;33;100%;62add3bf;2017-2018;524308;439636;534328;27264000;22861089;27785063
Eint Frankfurt;36;100%;f0ac8ee6;2017-2018;495462;415449;504931;25764000;21603327;26256394
Hertha BSC;32;100%;2818f8bc;2017-2018;490519;411304;499894;25507000;21387830;25994483
Freiburg;36;100%;a486e511;2017-2018;347231;291156;353867;18056000;15140104;18401082
Mainz 05;33;100%;a224b06a;2017-2018;342673;287334;349222;17819000;14941378;18159552
Augsburg;33;100%;0cdc4311;2017-2018;318519;267081;324607;16563000;13888213;16879548
Bayern Munich;78;100%;054efa67;2018-2019;3730731;3128249;3802031;193998000;162668949;197705635
Dortmund;86;100%;add600ae;2018-2019;1856808;1556949;1892294;96554000;80961334;98399310
Schalke 04;93;100%;c539e393;2018-2019;1345654;1128342;1371372;69974000;58673785;71311324
Wolfsburg;98;100%;4eaa11d7;2018-2019;1261494;1057773;1285604;65597700;55004221;66851386
Leverkusen;82;100%;c7a9f859;2018-2019;1194356;1001477;1217182;62106500;52076821;63293461
RB Leipzig;84;100%;acbb6a5b;2018-2019;1052471;882506;1072586;54728500;45890308;55774453
M'Gladbach;92;100%;32f3ee20;2018-2019;872260;731397;888930;45357500;38032645;46224358
Eint Frankfurt;116;100%;f0ac8ee6;2018-2019;732365;614095;746362;38083000;31932921;38810830
Hoffenheim;92;100%;033ea6b8;2018-2019;728731;611047;742658;37894000;31774438;38618219
Stuttgart;86;100%;598bc722;2018-2019;699190;586277;712553;36357900;30486406;37052763
Werder Bremen;94;100%;62add3bf;2018-2019;676038;566864;688959;35154000;29476927;35825854
Hertha BSC;101;100%;2818f8bc;2018-2019;601702;504532;613202;31288500;26235671;31886479
Augsburg;101;100%;0cdc4311;2018-2019;459529;385319;468311;23895500;20036577;24352183
Mainz 05;96;100%;a224b06a;2018-2019;412394;345796;420276;21444500;17981398;21854342
Freiburg;89;100%;a486e511;2018-2019;327779;274845;334043;17044500;14291956;17370250
Düsseldorf;92;100%;b1278397;2018-2019;291394;244337;296963;15152500;12705498;15442091
Nürnberg;85;100%;6f2c108c;2018-2019;210904;176845;214935;10967000;9195924;11176598
Bayern Munich;76;26%;054efa67;2019-2020;4117692;3452719;4196388;214120000;179541413;218212198
Dortmund;80;40%;add600ae;2019-2020;2054231;1722490;2093491;106820000;89569463;108861513
RB Leipzig;102;50%;acbb6a5b;2019-2020;1360385;1140694;1386384;70740000;59316081;72091964
Wolfsburg;82;100%;4eaa11d7;2019-2020;1285962;1078290;1310538;66870000;56071056;68147999
M'Gladbach;84;75%;32f3ee20;2019-2020;1039423;871565;1059288;54050000;45321378;55082988
Hertha BSC;97;99%;2818f8bc;2019-2020;970577;813837;989126;50470000;42319518;51434570
Schalke 04;80;100%;c539e393;2019-2020;935192;784167;953065;48630000;40776662;49559403
Leverkusen;74;46%;c7a9f859;2019-2020;919615;771105;937191;47820000;40097475;48733923
Hoffenheim;86;99%;033ea6b8;2019-2020;916346;768364;933859;47650000;39954925;48560670
Eint Frankfurt;94;100%;f0ac8ee6;2019-2020;828269;694511;844099;43070000;36114558;43893140
Werder Bremen;88;100%;62add3bf;2019-2020;818077;685964;833712;42540000;35670148;43353010
Köln;87;100%;bc357bf7;2019-2020;748654;627753;762962;38930000;32643134;39674021
Augsburg;100;97%;0cdc4311;2019-2020;536154;449570;546401;27880000;23377615;28412836
Mainz 05;98;97%;a224b06a;2019-2020;504808;423286;514455;26250000;22010847;26751683
Düsseldorf;102;100%;b1278397;2019-2020;422115;353947;430183;21950000;18405257;22369505
Union Berlin;96;100%;7a41008f;2019-2020;411538;345079;419404;21400000;17944082;21808992
Freiburg;83;100%;a486e511;2019-2020;319231;267678;325332;16600000;13919240;16917253
Paderborn 07;90;100%;d9f93f02;2019-2020;134808;113037;137384;7010000;5877944;7143974
Bayern Munich;83;12%;054efa67;2020-2021;4318654;3621227;4401191;224570000;188303826;228861912
Dortmund;85;54%;add600ae;2020-2021;1737115;1456586;1770315;90330000;75742458;92056361
Schalke 04;93;98%;c539e393;2020-2021;1202308;1008145;1225286;62520000;52423545;63714862
Wolfsburg;82;100%;4eaa11d7;2020-2021;1112885;933163;1134154;57870000;48524481;58975995
Leverkusen;85;54%;c7a9f859;2020-2021;1080769;906234;1101425;56200000;47124173;57274076
RB Leipzig;81;52%;acbb6a5b;2020-2021;1035962;868662;1055761;53870000;45170443;54899548
M'Gladbach;95;78%;32f3ee20;2020-2021;951538;797873;969724;49480000;41489393;50425646
Eint Frankfurt;91;99%;f0ac8ee6;2020-2021;916923;768848;934447;47680000;39980079;48591246
Hoffenheim;94;98%;033ea6b8;2020-2021;824423;691286;840179;42870000;35946852;43689319
Hertha BSC;82;96%;2818f8bc;2020-2021;795000;666614;810194;41340000;34663935;42130079
Köln;94;98%;bc357bf7;2020-2021;576346;483271;587361;29970000;25130097;30542780
Werder Bremen;78;100%;62add3bf;2020-2021;575000;482142;585989;29900000;25071401;30471438
Mainz 05;90;94%;a224b06a;2020-2021;445769;373781;454289;23180000;19436626;23623009
Augsburg;79;96%;0cdc4311;2020-2021;440769;369589;449193;22920000;19218613;23358043
Stuttgart;97;100%;598bc722;2020-2021;356154;298638;362961;18520000;15529175;18873948
Union Berlin;84;100%;7a41008f;2020-2021;332692;278965;339051;17300000;14506197;17630631
Freiburg;77;100%;a486e511;2020-2021;278269;233331;283587;14470000;12133218;14746547
Arminia;87;100%;247c4b67;2020-2021;184423;154640;187948;9590000;8041296;9773282
Bayern Munich;79;27%;054efa67;2021-2022;4588654;3847625;4676351;238610000;200076486;243170244
Dortmund;95;65%;add600ae;2021-2022;1735962;1455618;1769139;90270000;75692148;91995216
Wolfsburg;93;98%;4eaa11d7;2021-2022;1183269;992181;1205883;61530000;51593421;62705941
RB Leipzig;85;59%;acbb6a5b;2021-2022;1038846;871081;1058700;54020000;45296220;55052414
Leverkusen;84;71%;c7a9f859;2021-2022;995962;835122;1014996;51790000;43426351;52779797
M'Gladbach;80;73%;32f3ee20;2021-2022;909231;762398;926608;47280000;39644677;48183602
Hoffenheim;96;95%;033ea6b8;2021-2022;774423;649360;789224;40270000;33766731;41039628
Hertha BSC;91;99%;2818f8bc;2021-2022;720385;604049;734152;37460000;31410525;38175924
Eint Frankfurt;97;94%;f0ac8ee6;2021-2022;692500;580667;705735;36010000;30194688;36698211
Köln;90;99%;bc357bf7;2021-2022;556538;466662;567175;28940000;24266432;29493089
Augsburg;86;93%;0cdc4311;2021-2022;461538;387004;470359;24000000;20124202;24458682
Union Berlin;90;100%;7a41008f;2021-2022;412500;345885;420384;21450000;17986007;21859946
Mainz 05;81;96%;a224b06a;2021-2022;330385;277030;336699;17180000;14405575;17508339
Stuttgart;97;97%;598bc722;2021-2022;302692;253810;308477;15740000;13198121;16040818
Bochum;91;100%;b42c6323;2021-2022;259808;217851;264773;13510000;11328246;13768197
Greuther Fürth;92;98%;12192a4c;2021-2022;244231;204790;248898;12700000;10649056;12942721
Freiburg;78;100%;a486e511;2021-2022;231154;193824;235572;12020000;10078872;12249724
Arminia;76;99%;247c4b67;2021-2022;204423;171411;208330;10630000;8913347;10833157
Bayern Munich;24;17%;054efa67;2022-2023;5076538;4568654;4884851;263980000;237570028;254012267
Dortmund;32;68%;add600ae;2022-2023;1818846;1636879;1750168;94580000;85117709;91008714
RB Leipzig;25;26%;acbb6a5b;2022-2023;1572500;1415179;1513123;81770000;73589294;78682410
Leverkusen;28;68%;c7a9f859;2022-2023;837500;753712;805877;43550000;39193026;41905578
M'Gladbach;28;82%;32f3ee20;2022-2023;705962;635333;679305;36710000;33037335;35323852
Wolfsburg;28;89%;4eaa11d7;2022-2023;699615;629622;673198;36380000;32740350;35006310
Hoffenheim;28;96%;033ea6b8;2022-2023;672500;605220;647107;34970000;31471414;33649554
Hertha BSC;32;97%;2818f8bc;2022-2023;453077;407749;435969;23560000;21202934;22670387
Schalke 04;27;96%;c539e393;2022-2023;452115;406883;435044;23510000;21157932;22622276
Eint Frankfurt;29;83%;f0ac8ee6;2022-2023;432692;389403;416354;22500000;20248978;21650413
Augsburg;29;93%;0cdc4311;2022-2023;345385;310830;332343;17960000;16163185;17281841
Köln;30;96%;bc357bf7;2022-2023;340192;306158;327347;17690000;15920198;17022035
Freiburg;28;96%;a486e511;2022-2023;326346;293697;314023;16970000;15272229;16329221
Werder Bremen;28;100%;62add3bf;2022-2023;320962;288851;308842;16690000;15020243;16059795
Mainz 05;27;96%;a224b06a;2022-2023;254038;228623;244446;13210000;11888398;12711198
Union Berlin;29;100%;7a41008f;2022-2023;247500;222739;238155;12870000;11582414;12384037
Stuttgart;27;96%;598bc722;2022-2023;211346;190202;203366;10990000;9890505;10575024
Bochum;29;96%;b42c6323;2022-2023;138269;124436;133048;7190000;6470675;6918508
Juventus;33;100%;e0652b02;2017-2018;2717212;2278405;2769142;141295000;118477041;143995386
Milan;42;100%;dc56fe14;2017-2018;2035731;1706977;2074637;105858000;88762823;107881122
Napoli;40;100%;d48ad4ff;2017-2018;1495019;1253586;1523592;77741000;65186483;79226760
Inter;34;100%;d609edc0;2017-2018;1488923;1248475;1517379;77424000;64920676;78903702
Roma;47;100%;cf74a709;2017-2018;1413231;1185006;1440240;73488000;61620307;74892476
Lazio;44;100%;7213da33;2017-2018;1122635;941339;1144090;58377000;48949604;59492678
Sampdoria;39;100%;8ff9e3b3;2017-2018;673923;565090;686803;35044000;29384691;35713748
Fiorentina;41;100%;421387cf;2017-2018;607923;509749;619541;31612000;26506931;32216154
Genoa;44;100%;658bf2de;2017-2018;599154;502396;610605;31156000;26124570;31751443
Sassuolo;39;100%;e2befd26;2017-2018;591462;495946;602765;30756000;25789166;31343797
Torino;51;100%;105360fe;2017-2018;532154;446216;542324;27672000;23203209;28200854
Bologna;41;100%;1d8099f8;2017-2018;453904;380602;462579;23603000;19791316;24054088
Cagliari;41;100%;c4260e09;2017-2018;448250;375861;456817;23309000;19544792;23754471
Atalanta;37;100%;922493f3;2017-2018;437731;367041;446096;22762000;19086131;23197016
SPAL;42;100%;1d2fe027;2017-2018;379481;318198;386733;19733000;16546290;20110131
Hellas Verona;41;100%;0e72edf2;2017-2018;343173;287754;349732;17845000;14963185;18186047
Benevento;48;100%;4fcb34fd;2017-2018;340846;285802;347360;17724000;14861727;18062733
Udinese;46;100%;04eea015;2017-2018;332615;278901;338972;17296000;14502844;17626553
Chievo;36;100%;cc919b35;2017-2018;255788;214481;260677;13301000;11153003;13555204
Crotone;40;100%;3074d7b1;2017-2018;198192;166186;201980;10306000;8641672;10502963
Juventus;109;100%;e0652b02;2018-2019;4563596;3826614;4650814;237307000;198983907;241842338
Milan;98;100%;dc56fe14;2018-2019;2744096;2300948;2796540;142693000;119649279;145420105
Inter;110;100%;d609edc0;2018-2019;2279385;1911283;2322947;118528000;99386726;120793266
Roma;105;100%;cf74a709;2018-2019;2020481;1694190;2059096;105065000;88097887;107072966
Napoli;99;100%;d48ad4ff;2018-2019;1825904;1531036;1860800;94947000;79613859;96761594
Lazio;121;100%;7213da33;2018-2019;1251827;1049667;1275751;65095000;54582708;66339071
Torino;102;100%;105360fe;2018-2019;859154;720408;875574;44676000;37461200;45529833
Fiorentina;102;100%;421387cf;2018-2019;825212;691947;840983;42911000;35981239;43731097
Bologna;98;100%;1d8099f8;2018-2019;779942;653988;794848;40557000;34007385;41332111
Sampdoria;112;100%;8ff9e3b3;2018-2019;751519;630155;765882;39079000;32768070;39825859
Atalanta;131;100%;922493f3;2018-2019;747808;627043;762099;38886000;32606242;39629172
Genoa;117;100%;658bf2de;2018-2019;734038;615497;748067;38170000;32005866;38899485
Sassuolo;115;100%;e2befd26;2018-2019;698981;586101;712339;36347000;30477269;37041649
Udinese;110;100%;04eea015;2018-2019;677981;568493;690938;35255000;29561612;35928779
Cagliari;92;100%;c4260e09;2018-2019;616788;517182;628576;32073000;26893482;32685967
Parma;126;100%;eab4234c;2018-2019;478923;401581;488076;24904000;20882217;25379957
SPAL;102;100%;1d2fe027;2018-2019;470596;394599;479590;24471000;20519142;24938687
Chievo;126;100%;cc919b35;2018-2019;464827;389761;473710;24171000;20267585;24632944
Frosinone;94;100%;6a7ad59d;2018-2019;432712;362832;440981;22501000;18867279;22931028
Empoli;109;100%;a3d88bd8;2018-2019;378000;316956;385224;19656000;16481718;20031658
Juventus;77;0%;e0652b02;2019-2020;4914231;4120624;5008150;255540000;214272431;260423805
Inter;83;0%;d609edc0;2019-2020;2242692;1880516;2285554;116620000;97786851;118848807
Roma;83;0%;cf74a709;2019-2020;2228462;1868584;2271051;115880000;97166353;118094664
Milan;86;0%;dc56fe14;2019-2020;2022885;1696206;2061545;105190000;88202695;107200360
Napoli;82;0%;d48ad4ff;2019-2020;1941923;1628319;1979037;100980000;84672574;102909901
Lazio;95;0%;7213da33;2019-2020;1232885;1033784;1256447;64110000;53756771;65335254
Genoa;89;0%;658bf2de;2019-2020;919423;770944;936995;47810000;40089088;48723731
Fiorentina;87;0%;421387cf;2019-2020;918654;770299;936211;47770000;40055547;48682965
Torino;78;0%;105360fe;2019-2020;890000;746272;907009;46280000;38806165;47164491
Cagliari;81;0%;c4260e09;2019-2020;824038;690963;839787;42850000;35930081;43668940
Sampdoria;85;0%;8ff9e3b3;2019-2020;714808;599372;728469;37170000;31167358;37880380
Bologna;73;0%;1d8099f8;2019-2020;709231;594696;722785;36880000;30924189;37584840
Atalanta;70;0%;922493f3;2019-2020;708077;593728;721610;36820000;30873879;37523695
Lecce;93;0%;ffcbe334;2019-2020;621538;521165;633417;32320000;27100595;32937690
SPAL;89;0%;1d2fe027;2019-2020;595000;498912;606372;30940000;25943445;31531319
Sassuolo;84;0%;e2befd26;2019-2020;593077;497300;604412;30840000;25859595;31429407
Parma;80;0%;eab4234c;2019-2020;552692;463437;563255;28740000;24098729;29289270
Hellas Verona;100;0%;0e72edf2;2019-2020;525962;441023;536014;27350000;22933204;27872708
Udinese;73;4%;04eea015;2019-2020;395962;332017;403529;20590000;17264887;20983512
Brescia;81;0%;4ef57aeb;2019-2020;311346;261066;317296;16190000;13575453;16499416
Juventus;72;6%;e0652b02;2020-2021;4156346;3485131;4235781;216130000;181226818;220260613
Inter;79;6%;d609edc0;2020-2021;2670769;2239462;2721812;138880000;116452045;141534233
Roma;85;2%;cf74a709;2020-2021;2176346;1824885;2217940;113170000;94893995;115332872
Napoli;74;0%;d48ad4ff;2020-2021;2065769;1732165;2105250;107420000;90072568;109472983
Lazio;95;7%;7213da33;2020-2021;1676346;1405630;1708384;87170000;73092777;88835968
Milan;82;0%;dc56fe14;2020-2021;1621923;1359996;1652921;84340000;70719796;85951884
Cagliari;88;8%;c4260e09;2020-2021;1149038;963478;1170999;59750000;50100874;60891926
Fiorentina;81;6%;421387cf;2020-2021;997885;836735;1016956;51890000;43510199;52881707
Torino;84;5%;105360fe;2020-2021;960962;805774;979327;49970000;41900260;50925013
Atalanta;81;16%;922493f3;2020-2021;849423;712248;865657;44170000;37036910;45014164
Parma;109;23%;eab4234c;2020-2021;794038;665808;809214;41290000;34622008;42079122
Genoa;102;23%;658bf2de;2020-2021;788077;660809;803138;40980000;34362070;41763197
Bologna;90;17%;1d8099f8;2020-2021;688654;577442;701815;35810000;30026984;36494391
Benevento;94;14%;4fcb34fd;2020-2021;623269;522616;635181;32410000;27176055;33029412
Sassuolo;85;2%;e2befd26;2020-2021;608269;510039;619894;31630000;26522016;32234502
Sampdoria;79;3%;8ff9e3b3;2020-2021;587885;492946;599120;30570000;25633200;31154244
Udinese;96;15%;04eea015;2020-2021;572308;479885;583245;29760000;24954007;30328763
Hellas Verona;100;17%;0e72edf2;2020-2021;559615;469242;570311;29100000;24400593;29656151
Spezia;103;12%;68449f6d;2020-2021;386923;324438;394318;20120000;16870791;20504529
Crotone;93;6%;3074d7b1;2020-2021;365192;306217;372172;18990000;15923274;19352928
Juventus;76;0%;e0652b02;2021-2022;3479808;2917848;3546313;180950000;151728092;184408264
Inter;81;9%;d609edc0;2021-2022;2950769;2474245;3007163;153440000;128660726;156372498
Napoli;78;8%;d48ad4ff;2021-2022;1989231;1667987;2027248;103440000;86735304;105416919
Roma;93;11%;cf74a709;2021-2022;1914423;1605260;1951011;99550000;83473512;101452572
Milan;86;2%;dc56fe14;2021-2022;1684423;1412403;1716615;87590000;73444949;89263995
Lazio;90;4%;7213da33;2021-2022;1508462;1264858;1537291;78440000;65772599;79939123
Fiorentina;85;13%;421387cf;2021-2022;1128846;946547;1150420;58700000;49220441;59821859
Torino;88;17%;105360fe;2021-2022;1029808;863502;1049489;53550000;44902122;54573434
Atalanta;76;7%;922493f3;2021-2022;891346;747401;908381;46350000;38864860;47235829
Genoa;106;38%;658bf2de;2021-2022;813462;682094;829008;42300000;35468904;43108428
Sampdoria;86;14%;8ff9e3b3;2021-2022;721154;604694;734936;37500000;31444064;38216686
Empoli;87;16%;a3d88bd8;2021-2022;710192;595502;723765;36930000;30966112;37635795
Cagliari;86;33%;c4260e09;2021-2022;649231;544385;661639;33760000;28308043;34405212
Bologna;90;30%;1d8099f8;2021-2022;579423;485851;590497;30130000;25264256;30705835
Sassuolo;86;17%;e2befd26;2021-2022;533846;447634;544049;27760000;23276991;28290540
Salernitana;102;48%;c5577084;2021-2022;443269;371685;451741;23050000;19327618;23490524
Venezia;105;35%;af5d5982;2021-2022;440962;369750;449389;22930000;19226999;23368232
Udinese;86;38%;04eea015;2021-2022;430962;361365;439198;22410000;18790971;22838290
Hellas Verona;85;22%;0e72edf2;2021-2022;413269;346530;421168;21490000;18019544;21900711
Spezia;89;33%;68449f6d;2021-2022;318462;267033;324548;16560000;13885700;16876489
Juventus;31;7%;e0652b02;2022-2023;3055385;2749708;2940015;158880000;142984792;152880784
Inter;29;4%;d609edc0;2022-2023;2427115;2184294;2335469;126210000;113583275;121444385
Roma;29;4%;cf74a709;2022-2023;1751154;1575959;1685031;91060000;81949868;87621627
Milan;31;3%;dc56fe14;2022-2023;1554231;1398737;1495544;80820000;72734331;77768283
Lazio;26;0%;7213da33;2022-2023;1355000;1219439;1303836;70460000;63410803;67799474
Napoli;27;4%;d48ad4ff;2022-2023;1306538;1175825;1257204;67940000;61142916;65374624
Fiorentina;28;0%;421387cf;2022-2023;988462;889571;951138;51400000;46257669;49459166
Atalanta;26;15%;922493f3;2022-2023;766923;690196;737965;39880000;35890191;38374155
Monza;37;70%;21680aa4;2022-2023;682885;614565;657099;35510000;31957388;34169163
Torino;27;20%;105360fe;2022-2023;543077;488745;522571;28240000;25414718;27173675
Sassuolo;29;25%;e2befd26;2022-2023;522885;470572;503141;27190000;24469768;26163323
Bologna;30;35%;1d8099f8;2022-2023;505577;454996;486487;26290000;23659807;25297306
Sampdoria;29;23%;8ff9e3b3;2022-2023;381346;343194;366947;19830000;17846099;19081231
Salernitana;29;48%;c5577084;2022-2023;324423;291966;312173;16870000;15182235;16232998
Empoli;29;32%;a3d88bd8;2022-2023;284423;255968;273683;14790000;13310330;14231538
Hellas Verona;29;37%;0e72edf2;2022-2023;221538;199375;213173;11520000;10367479;11085012
Spezia;27;26%;68449f6d;2022-2023;180769;162684;173944;9400000;8459572;9045063
Udinese;27;38%;04eea015;2022-2023;177115;159396;170428;9210000;8288583;8862235
Cremonese;31;83%;9aad3a77;2022-2023;171538;154377;165061;8920000;8027595;8583186
Lecce;30;35%;ffcbe334;2022-2023;76538;68881;73648;3980000;3581818;3829716
